att,beta.gene.sex,pval.gene.sex,p.bon.gene.sex
FAM13A,-3.1270449864,2.0587e-6,0.0121689757
MCM3AP.AS1,-5.9552155926,2.9668e-6,0.017536754800000002
PP7080,-2.5271809286,6.3285e-6,0.037407763499999996
NR2C2,-3.2612345153,6.7475e-6,0.039884472500000004
