att,beta.gene.mdd,beta.Z.att.x,pval.gene.mdd,p.adj.gene.mdd,beta.gene.sex.mdd,beta.Z.att.y,pval.gene.sex.mdd,p.adj.gene.sex.mdd,beta.gene.sex,beta.Z.att,pval.gene.sex,p.adj.gene.sex
TRAT1,44.35859411,5.441796672,5.2746e-8,8.0327e-4,36.09524897,4.30085846,1.7014e-5,0.2591,73.30919878,7.72457805,1.1222e-14,1.7091e-10
MCOLN3,15.4052636,5.241506426,1.5927e-7,0.0024255,12.89992115,4.28508311,1.8267e-5,0.27819,20.83868718,6.43841985,1.2072e-10,1.8385e-6
BLCAP,-67.29157259,-4.83678644,1.3196e-6,0.020095,-62.65053799,-4.4262718,9.5876e-6,0.14601,-43.24546442,-2.92406471,0.0034549,1
ATG13,-61.32492821,-4.751652817,2.0176e-6,0.030726,-51.46109505,-3.9148386,9.0465e-5,1,-81.30347759,-5.63450796,1.7556e-8,2.6736e-4
